{
  "utc": "2026-03-14T07:08:33Z",
  "scores": {
    "Score_ETF": 1.0,
    "Score_Stables": 0.419666,
    "Score_Stress": 0.921974,
    "Score_Gewichtet": 0.818097
  }
}