{
  "utc": "2026-03-14T10:17:33Z",
  "scores": {
    "Score_ETF": 0.858519,
    "Score_Stables": 0.428788,
    "Score_Stress": 0.923578,
    "Score_Gewichtet": 0.736105
  }
}