{
  "utc": "2026-02-03T23:59:33Z",
  "scores": {
    "Score_ETF": 1.0,
    "Score_Stables": 0.448065,
    "Score_Stress": 0.837251,
    "Score_Gewichtet": 0.818145
  }
}