{
  "utc": "2026-03-04T18:06:07Z",
  "scores": {
    "Score_ETF": 1.0,
    "Score_Stables": 0.437289,
    "Score_Stress": 1.0,
    "Score_Gewichtet": 0.831187
  }
}