{
  "utc": "2026-03-13T08:00:06Z",
  "scores": {
    "Score_ETF": 0.408671,
    "Score_Stables": 0.478636,
    "Score_Stress": 0.928822,
    "Score_Gewichtet": 0.481676
  }
}