{
  "utc": "2026-03-11T12:35:20Z",
  "scores": {
    "Score_ETF": 0.468609,
    "Score_Stables": 0.410209,
    "Score_Stress": 0.974342,
    "Score_Gewichtet": 0.501662
  }
}