{
  "utc": "2026-03-01T05:10:09Z",
  "scores": {
    "Score_ETF": 1.0,
    "Score_Stables": 0.492197,
    "Score_Stress": 0.730471,
    "Score_Gewichtet": 0.820706
  }
}