{
  "utc": "2026-03-06T23:18:17Z",
  "scores": {
    "Score_ETF": 0.0575,
    "Score_Stables": 0.398357,
    "Score_Stress": 1.0,
    "Score_Gewichtet": 0.254007
  }
}