{
  "utc": "2026-02-13T23:48:43Z",
  "scores": {
    "Score_ETF": 0.0,
    "Score_Stables": 0.477061,
    "Score_Stress": 1.0,
    "Score_Gewichtet": 0.243118
  }
}