{
  "utc": "2026-03-09T11:55:04Z",
  "scores": {
    "Score_ETF": 0.0,
    "Score_Stables": 0.528237,
    "Score_Stress": 1.0,
    "Score_Gewichtet": 0.258471
  }
}