{
  "utc": "2026-03-07T23:41:41Z",
  "scores": {
    "Score_ETF": 0.0,
    "Score_Stables": 0.512123,
    "Score_Stress": 1.0,
    "Score_Gewichtet": 0.253637
  }
}