{
  "utc": "2026-02-04T21:58:17Z",
  "scores": {
    "Score_ETF": 1.0,
    "Score_Stables": 0.490202,
    "Score_Stress": 0.856708,
    "Score_Gewichtet": 0.832731
  }
}