{
  "utc": "2026-03-07T23:13:13Z",
  "scores": {
    "Score_ETF": 0.0,
    "Score_Stables": 0.521402,
    "Score_Stress": 1.0,
    "Score_Gewichtet": 0.256421
  }
}