{
  "utc": "2026-02-04T10:08:52Z",
  "scores": {
    "Score_ETF": 1.0,
    "Score_Stables": 0.408329,
    "Score_Stress": 0.824517,
    "Score_Gewichtet": 0.80495
  }
}