{
  "utc": "2026-02-28T14:47:12Z",
  "scores": {
    "Score_ETF": 1.0,
    "Score_Stables": 0.49724,
    "Score_Stress": 0.71824,
    "Score_Gewichtet": 0.820996
  }
}