{
  "utc": "2026-03-01T23:43:40Z",
  "scores": {
    "Score_ETF": 1.0,
    "Score_Stables": 0.493121,
    "Score_Stress": 0.745127,
    "Score_Gewichtet": 0.822449
  }
}