{
  "utc": "2026-02-15T09:52:59Z",
  "scores": {
    "Score_ETF": 0.0,
    "Score_Stables": 0.479924,
    "Score_Stress": 1.0,
    "Score_Gewichtet": 0.243977
  }
}