{
  "utc": "2026-03-11T10:28:41Z",
  "scores": {
    "Score_ETF": 0.452679,
    "Score_Stables": 0.413969,
    "Score_Stress": 0.972615,
    "Score_Gewichtet": 0.493059
  }
}