{
  "utc": "2026-02-06T22:53:00Z",
  "scores": {
    "Score_ETF": 1.0,
    "Score_Stables": 0.219393,
    "Score_Stress": 1.0,
    "Score_Gewichtet": 0.765818
  }
}