{
  "utc": "2026-03-02T23:52:46Z",
  "scores": {
    "Score_ETF": 1.0,
    "Score_Stables": 0.35891,
    "Score_Stress": 0.884204,
    "Score_Gewichtet": 0.796093
  }
}