{
  "utc": "2026-02-22T16:59:45Z",
  "scores": {
    "Score_ETF": 0.0,
    "Score_Stables": 0.52599,
    "Score_Stress": 0.486778,
    "Score_Gewichtet": 0.206475
  }
}