{
  "utc": "2026-02-20T21:54:27Z",
  "scores": {
    "Score_ETF": 1.0,
    "Score_Stables": 0.388637,
    "Score_Stress": 0.529097,
    "Score_Gewichtet": 0.769501
  }
}