{
  "utc": "2026-02-08T15:52:46Z",
  "scores": {
    "Score_ETF": 0.0,
    "Score_Stables": 0.472782,
    "Score_Stress": 1.0,
    "Score_Gewichtet": 0.241835
  }
}