{
  "utc": "2026-02-03T12:53:42.603989Z",
  "scores": {
    "Score_ETF": 1.0,
    "Score_Stables": 0.454627,
    "Score_Stress": 0.786368,
    "Score_Gewichtet": 0.815025
  }
}