{
  "utc": "2026-02-05T05:09:20Z",
  "scores": {
    "Score_ETF": 1.0,
    "Score_Stables": 0.537835,
    "Score_Stress": 0.833135,
    "Score_Gewichtet": 0.844664
  }
}