{
  "utc": "2026-03-11T23:15:43Z",
  "scores": {
    "Score_ETF": 0.127866,
    "Score_Stables": 0.477809,
    "Score_Stress": 0.970619,
    "Score_Gewichtet": 0.317124
  }
}