{
  "utc": "2026-03-15T01:17:56Z",
  "scores": {
    "Score_ETF": 0.0,
    "Score_Stables": 0.500025,
    "Score_Stress": 0.89038,
    "Score_Gewichtet": 0.239045
  }
}