{
  "utc": "2026-03-13T10:03:13Z",
  "scores": {
    "Score_ETF": 0.653939,
    "Score_Stables": 0.474725,
    "Score_Stress": 0.938179,
    "Score_Gewichtet": 0.628599
  }
}