{
  "utc": "2026-03-10T10:28:49Z",
  "scores": {
    "Score_ETF": 1.0,
    "Score_Stables": 0.307365,
    "Score_Stress": 1.0,
    "Score_Gewichtet": 0.792209
  }
}