{
  "utc": "2026-03-14T08:57:25Z",
  "scores": {
    "Score_ETF": 1.0,
    "Score_Stables": 0.426559,
    "Score_Stress": 0.922731,
    "Score_Gewichtet": 0.820241
  }
}