{
  "utc": "2026-03-01T15:42:49Z",
  "scores": {
    "Score_ETF": 1.0,
    "Score_Stables": 0.496051,
    "Score_Stress": 0.729827,
    "Score_Gewichtet": 0.821798
  }
}