{
  "utc": "2026-02-23T20:08:58Z",
  "scores": {
    "Score_ETF": 1.0,
    "Score_Stables": 0.4362,
    "Score_Stress": 0.637157,
    "Score_Gewichtet": 0.794576
  }
}