{
  "utc": "2026-03-07T08:17:58Z",
  "scores": {
    "Score_ETF": 0.0,
    "Score_Stables": 0.495123,
    "Score_Stress": 1.0,
    "Score_Gewichtet": 0.248537
  }
}