{
  "utc": "2026-02-07T19:04:16Z",
  "scores": {
    "Score_ETF": 1.0,
    "Score_Stables": 0.283549,
    "Score_Stress": 1.0,
    "Score_Gewichtet": 0.785065
  }
}