{
  "utc": "2026-02-03T16:19:09.785341Z",
  "scores": {
    "Score_ETF": 0.0,
    "Score_Stables": 0.452741,
    "Score_Stress": 0.794814,
    "Score_Gewichtet": 0.215304
  }
}