{
  "utc": "2026-03-07T17:42:48Z",
  "scores": {
    "Score_ETF": 0.0,
    "Score_Stables": 0.539123,
    "Score_Stress": 1.0,
    "Score_Gewichtet": 0.261737
  }
}