{
  "utc": "2026-03-15T19:46:41Z",
  "scores": {
    "Score_ETF": 0.0,
    "Score_Stables": 0.499528,
    "Score_Stress": 0.885793,
    "Score_Gewichtet": 0.238438
  }
}