{
  "utc": "2026-02-28T07:52:14Z",
  "scores": {
    "Score_ETF": 1.0,
    "Score_Stables": 0.511929,
    "Score_Stress": 0.753326,
    "Score_Gewichtet": 0.828911
  }
}