{
  "utc": "2026-02-20T19:50:18Z",
  "scores": {
    "Score_ETF": 1.0,
    "Score_Stables": 0.395884,
    "Score_Stress": 0.523213,
    "Score_Gewichtet": 0.771086
  }
}