{
  "utc": "2026-03-09T22:51:29Z",
  "scores": {
    "Score_ETF": 1.0,
    "Score_Stables": 0.338306,
    "Score_Stress": 1.0,
    "Score_Gewichtet": 0.801492
  }
}