{
  "utc": "2026-02-22T14:55:39Z",
  "scores": {
    "Score_ETF": 0.0,
    "Score_Stables": 0.524536,
    "Score_Stress": 0.48755,
    "Score_Gewichtet": 0.206116
  }
}