{
  "utc": "2026-02-14T11:43:23Z",
  "scores": {
    "Score_ETF": 0.0,
    "Score_Stables": 0.449245,
    "Score_Stress": 1.0,
    "Score_Gewichtet": 0.234773
  }
}