{
  "utc": "2026-02-18T00:02:30Z",
  "scores": {
    "Score_ETF": 0.0,
    "Score_Stables": 0.536103,
    "Score_Stress": 1.0,
    "Score_Gewichtet": 0.260831
  }
}