{
  "utc": "2026-02-16T19:48:43Z",
  "scores": {
    "Score_ETF": 0.0,
    "Score_Stables": 0.483007,
    "Score_Stress": 1.0,
    "Score_Gewichtet": 0.244902
  }
}