{
  "utc": "2026-02-17T00:01:51Z",
  "scores": {
    "Score_ETF": 0.0,
    "Score_Stables": 0.488296,
    "Score_Stress": 1.0,
    "Score_Gewichtet": 0.246489
  }
}