{
  "utc": "2026-02-15T21:49:18Z",
  "scores": {
    "Score_ETF": 0.0,
    "Score_Stables": 0.503057,
    "Score_Stress": 1.0,
    "Score_Gewichtet": 0.250917
  }
}