{
  "utc": "2026-03-09T01:09:23Z",
  "scores": {
    "Score_ETF": 0.0,
    "Score_Stables": 0.518282,
    "Score_Stress": 1.0,
    "Score_Gewichtet": 0.255485
  }
}