{
  "utc": "2026-02-15T17:00:35Z",
  "scores": {
    "Score_ETF": 0.0,
    "Score_Stables": 0.506858,
    "Score_Stress": 1.0,
    "Score_Gewichtet": 0.252057
  }
}