{
  "utc": "2026-03-12T15:45:56Z",
  "scores": {
    "Score_ETF": 0.0,
    "Score_Stables": 0.487858,
    "Score_Stress": 0.964336,
    "Score_Gewichtet": 0.242791
  }
}