{
  "utc": "2026-03-15T14:01:38Z",
  "scores": {
    "Score_ETF": 0.0,
    "Score_Stables": 0.493543,
    "Score_Stress": 0.885543,
    "Score_Gewichtet": 0.236617
  }
}