{
  "utc": "2026-02-13T20:01:37Z",
  "scores": {
    "Score_ETF": 0.0,
    "Score_Stables": 0.517478,
    "Score_Stress": 1.0,
    "Score_Gewichtet": 0.255243
  }
}