{
  "utc": "2026-02-28T23:39:34Z",
  "scores": {
    "Score_ETF": 1.0,
    "Score_Stables": 0.488758,
    "Score_Stress": 0.734755,
    "Score_Gewichtet": 0.820103
  }
}