{
  "utc": "2026-03-12T13:55:31Z",
  "scores": {
    "Score_ETF": 0.0,
    "Score_Stables": 0.475032,
    "Score_Stress": 0.966975,
    "Score_Gewichtet": 0.239207
  }
}