{
  "utc": "2026-02-24T18:10:25Z",
  "scores": {
    "Score_ETF": 1.0,
    "Score_Stables": 0.43797,
    "Score_Stress": 0.597021,
    "Score_Gewichtet": 0.791093
  }
}