{
  "utc": "2026-03-01T07:22:51Z",
  "scores": {
    "Score_ETF": 1.0,
    "Score_Stables": 0.496887,
    "Score_Stress": 0.728912,
    "Score_Gewichtet": 0.821957
  }
}