{
  "utc": "2026-03-10T22:51:01Z",
  "scores": {
    "Score_ETF": 1.0,
    "Score_Stables": 0.407747,
    "Score_Stress": 1.0,
    "Score_Gewichtet": 0.822324
  }
}