{
  "utc": "2026-02-23T23:50:08Z",
  "scores": {
    "Score_ETF": 1.0,
    "Score_Stables": 0.431545,
    "Score_Stress": 0.607035,
    "Score_Gewichtet": 0.790167
  }
}