{
  "utc": "2026-02-03T16:41:55.006436Z",
  "scores": {
    "Score_ETF": 0.180187,
    "Score_Stables": 0.444597,
    "Score_Stress": 0.804763,
    "Score_Gewichtet": 0.321967
  }
}