{
  "utc": "2026-03-06T17:26:31Z",
  "scores": {
    "Score_ETF": 0.738484,
    "Score_Stables": 0.388764,
    "Score_Stress": 1.0,
    "Score_Gewichtet": 0.65972
  }
}