{
  "utc": "2026-02-28T21:39:14Z",
  "scores": {
    "Score_ETF": 1.0,
    "Score_Stables": 0.498026,
    "Score_Stress": 0.731124,
    "Score_Gewichtet": 0.82252
  }
}