{
  "utc": "2026-03-10T07:58:07Z",
  "scores": {
    "Score_ETF": 1.0,
    "Score_Stables": 0.299156,
    "Score_Stress": 1.0,
    "Score_Gewichtet": 0.789747
  }
}