{
  "utc": "2026-02-10T00:03:20Z",
  "scores": {
    "Score_ETF": 0.0,
    "Score_Stables": 0.473587,
    "Score_Stress": 1.0,
    "Score_Gewichtet": 0.242076
  }
}