{
  "utc": "2026-02-08T00:00:26Z",
  "scores": {
    "Score_ETF": 0.0,
    "Score_Stables": 0.471115,
    "Score_Stress": 1.0,
    "Score_Gewichtet": 0.241334
  }
}