{
  "utc": "2026-03-10T08:38:45Z",
  "scores": {
    "Score_ETF": 1.0,
    "Score_Stables": 0.303402,
    "Score_Stress": 1.0,
    "Score_Gewichtet": 0.791021
  }
}