{
  "utc": "2026-03-10T14:40:21Z",
  "scores": {
    "Score_ETF": 1.0,
    "Score_Stables": 0.328272,
    "Score_Stress": 1.0,
    "Score_Gewichtet": 0.798482
  }
}