{
  "utc": "2026-03-01T21:41:35Z",
  "scores": {
    "Score_ETF": 1.0,
    "Score_Stables": 0.492002,
    "Score_Stress": 0.747858,
    "Score_Gewichtet": 0.822386
  }
}