{
  "utc": "2026-03-14T23:17:22Z",
  "scores": {
    "Score_ETF": 0.0,
    "Score_Stables": 0.502045,
    "Score_Stress": 0.918959,
    "Score_Gewichtet": 0.242509
  }
}