{
  "utc": "2026-03-14T17:17:50Z",
  "scores": {
    "Score_ETF": 0.0,
    "Score_Stables": 0.444269,
    "Score_Stress": 0.921239,
    "Score_Gewichtet": 0.225405
  }
}