{
  "utc": "2026-03-06T21:49:30Z",
  "scores": {
    "Score_ETF": 0.23143,
    "Score_Stables": 0.406684,
    "Score_Stress": 1.0,
    "Score_Gewichtet": 0.360863
  }
}