{
  "utc": "2026-02-04T19:30:25Z",
  "scores": {
    "Score_ETF": 1.0,
    "Score_Stables": 0.481749,
    "Score_Stress": 0.833086,
    "Score_Gewichtet": 0.827833
  }
}