{
  "utc": "2026-03-13T18:31:08Z",
  "scores": {
    "Score_ETF": 1.0,
    "Score_Stables": 0.502023,
    "Score_Stress": 0.925312,
    "Score_Gewichtet": 0.843138
  }
}