{
  "utc": "2026-02-16T20:59:23Z",
  "scores": {
    "Score_ETF": 0.0,
    "Score_Stables": 0.477687,
    "Score_Stress": 1.0,
    "Score_Gewichtet": 0.243306
  }
}