{
  "utc": "2026-03-09T21:52:49Z",
  "scores": {
    "Score_ETF": 1.0,
    "Score_Stables": 0.411923,
    "Score_Stress": 1.0,
    "Score_Gewichtet": 0.823577
  }
}