{
  "utc": "2026-02-19T18:08:49Z",
  "scores": {
    "Score_ETF": 0.0,
    "Score_Stables": 0.449396,
    "Score_Stress": 1.0,
    "Score_Gewichtet": 0.234819
  }
}