{
  "utc": "2026-03-07T16:47:23Z",
  "scores": {
    "Score_ETF": 0.0,
    "Score_Stables": 0.548387,
    "Score_Stress": 1.0,
    "Score_Gewichtet": 0.264516
  }
}