{
  "utc": "2026-03-08T23:14:06Z",
  "scores": {
    "Score_ETF": 0.0,
    "Score_Stables": 0.499723,
    "Score_Stress": 1.0,
    "Score_Gewichtet": 0.249917
  }
}