{
  "utc": "2026-02-20T14:24:27Z",
  "scores": {
    "Score_ETF": 0.0,
    "Score_Stables": 0.451726,
    "Score_Stress": 0.510122,
    "Score_Gewichtet": 0.18653
  }
}