{
  "utc": "2026-03-02T22:51:52Z",
  "scores": {
    "Score_ETF": 1.0,
    "Score_Stables": 0.355539,
    "Score_Stress": 0.920135,
    "Score_Gewichtet": 0.798675
  }
}