{
  "utc": "2026-02-12T12:04:11Z",
  "scores": {
    "Score_ETF": 0.0,
    "Score_Stables": 0.564614,
    "Score_Stress": 1.0,
    "Score_Gewichtet": 0.269384
  }
}