{
  "utc": "2026-02-22T07:59:54Z",
  "scores": {
    "Score_ETF": 0.0,
    "Score_Stables": 0.524109,
    "Score_Stress": 0.486796,
    "Score_Gewichtet": 0.205912
  }
}