{
  "utc": "2026-02-26T23:03:51Z",
  "scores": {
    "Score_ETF": 1.0,
    "Score_Stables": 0.526792,
    "Score_Stress": 0.79759,
    "Score_Gewichtet": 0.837797
  }
}