{
  "utc": "2026-02-20T16:04:56Z",
  "scores": {
    "Score_ETF": 0.870865,
    "Score_Stables": 0.383069,
    "Score_Stress": 0.526703,
    "Score_Gewichtet": 0.69011
  }
}