{
  "utc": "2026-03-10T03:36:05Z",
  "scores": {
    "Score_ETF": 1.0,
    "Score_Stables": 0.314064,
    "Score_Stress": 1.0,
    "Score_Gewichtet": 0.794219
  }
}