{
  "utc": "2026-03-02T21:05:54Z",
  "scores": {
    "Score_ETF": 1.0,
    "Score_Stables": 0.441305,
    "Score_Stress": 0.899407,
    "Score_Gewichtet": 0.822332
  }
}