{
  "utc": "2026-02-12T07:59:21Z",
  "scores": {
    "Score_ETF": 0.0,
    "Score_Stables": 0.571145,
    "Score_Stress": 1.0,
    "Score_Gewichtet": 0.271344
  }
}