{
  "utc": "2026-03-12T16:49:03Z",
  "scores": {
    "Score_ETF": 0.0,
    "Score_Stables": 0.461015,
    "Score_Stress": 0.964462,
    "Score_Gewichtet": 0.234751
  }
}