{
  "utc": "2026-03-07T09:19:10Z",
  "scores": {
    "Score_ETF": 0.0,
    "Score_Stables": 0.493322,
    "Score_Stress": 1.0,
    "Score_Gewichtet": 0.247997
  }
}