{
  "utc": "2026-03-08T09:19:06Z",
  "scores": {
    "Score_ETF": 0.0,
    "Score_Stables": 0.504578,
    "Score_Stress": 1.0,
    "Score_Gewichtet": 0.251373
  }
}