{
  "utc": "2026-02-08T17:59:42Z",
  "scores": {
    "Score_ETF": 0.0,
    "Score_Stables": 0.469448,
    "Score_Stress": 1.0,
    "Score_Gewichtet": 0.240834
  }
}