{
  "utc": "2026-02-11T08:05:16Z",
  "scores": {
    "Score_ETF": 0.0,
    "Score_Stables": 0.469915,
    "Score_Stress": 1.0,
    "Score_Gewichtet": 0.240975
  }
}