{
  "utc": "2026-03-13T19:24:14Z",
  "scores": {
    "Score_ETF": 1.0,
    "Score_Stables": 0.470721,
    "Score_Stress": 0.925082,
    "Score_Gewichtet": 0.833725
  }
}