{
  "utc": "2026-02-18T08:02:04Z",
  "scores": {
    "Score_ETF": 0.0,
    "Score_Stables": 0.541694,
    "Score_Stress": 1.0,
    "Score_Gewichtet": 0.262508
  }
}