{
  "utc": "2026-03-15T16:53:32Z",
  "scores": {
    "Score_ETF": 0.0,
    "Score_Stables": 0.494341,
    "Score_Stress": 0.886304,
    "Score_Gewichtet": 0.236933
  }
}