{
  "utc": "2026-02-22T23:52:26Z",
  "scores": {
    "Score_ETF": 0.0,
    "Score_Stables": 0.53245,
    "Score_Stress": 0.487071,
    "Score_Gewichtet": 0.208442
  }
}