{
  "utc": "2026-03-07T12:24:23Z",
  "scores": {
    "Score_ETF": 0.0,
    "Score_Stables": 0.500574,
    "Score_Stress": 1.0,
    "Score_Gewichtet": 0.250172
  }
}