{
  "utc": "2026-03-09T16:45:34Z",
  "scores": {
    "Score_ETF": 1.0,
    "Score_Stables": 0.489039,
    "Score_Stress": 1.0,
    "Score_Gewichtet": 0.846712
  }
}