{
  "utc": "2026-02-07T21:52:47Z",
  "scores": {
    "Score_ETF": 0.252043,
    "Score_Stables": 0.358897,
    "Score_Stress": 1.0,
    "Score_Gewichtet": 0.358895
  }
}