{
  "utc": "2026-03-12T01:01:49Z",
  "scores": {
    "Score_ETF": 0.0,
    "Score_Stables": 0.466385,
    "Score_Stress": 0.964886,
    "Score_Gewichtet": 0.236404
  }
}