{
  "utc": "2026-02-22T10:56:00Z",
  "scores": {
    "Score_ETF": 0.0,
    "Score_Stables": 0.524575,
    "Score_Stress": 0.487949,
    "Score_Gewichtet": 0.206167
  }
}