{
  "utc": "2026-03-05T17:53:13Z",
  "scores": {
    "Score_ETF": 1.0,
    "Score_Stables": 0.405551,
    "Score_Stress": 1.0,
    "Score_Gewichtet": 0.821665
  }
}