{
  "utc": "2026-03-09T08:32:14Z",
  "scores": {
    "Score_ETF": 0.0,
    "Score_Stables": 0.527707,
    "Score_Stress": 1.0,
    "Score_Gewichtet": 0.258312
  }
}