{
  "utc": "2026-03-06T09:59:33Z",
  "scores": {
    "Score_ETF": 1.0,
    "Score_Stables": 0.419071,
    "Score_Stress": 1.0,
    "Score_Gewichtet": 0.825721
  }
}