{
  "utc": "2026-02-07T11:41:24Z",
  "scores": {
    "Score_ETF": 1.0,
    "Score_Stables": 0.122857,
    "Score_Stress": 1.0,
    "Score_Gewichtet": 0.736857
  }
}