{
  "utc": "2026-03-13T22:18:53Z",
  "scores": {
    "Score_ETF": 1.0,
    "Score_Stables": 0.417108,
    "Score_Stress": 0.925056,
    "Score_Gewichtet": 0.817638
  }
}