{
  "utc": "2026-03-11T20:23:18Z",
  "scores": {
    "Score_ETF": 0.409841,
    "Score_Stables": 0.464387,
    "Score_Stress": 0.970617,
    "Score_Gewichtet": 0.482282
  }
}