{
  "utc": "2026-03-14T14:54:39Z",
  "scores": {
    "Score_ETF": 0.0,
    "Score_Stables": 0.430708,
    "Score_Stress": 0.921776,
    "Score_Gewichtet": 0.22139
  }
}