{
  "utc": "2026-02-13T10:08:40Z",
  "scores": {
    "Score_ETF": 0.0,
    "Score_Stables": 0.562486,
    "Score_Stress": 1.0,
    "Score_Gewichtet": 0.268746
  }
}