{
  "utc": "2026-02-21T13:53:52Z",
  "scores": {
    "Score_ETF": 0.0,
    "Score_Stables": 0.413367,
    "Score_Stress": 0.520035,
    "Score_Gewichtet": 0.176013
  }
}