{
  "utc": "2026-02-27T20:57:17Z",
  "scores": {
    "Score_ETF": 1.0,
    "Score_Stables": 0.534731,
    "Score_Stress": 0.742208,
    "Score_Gewichtet": 0.83464
  }
}