{
  "utc": "2026-03-14T23:47:06Z",
  "scores": {
    "Score_ETF": 0.0,
    "Score_Stables": 0.499497,
    "Score_Stress": 0.917856,
    "Score_Gewichtet": 0.241635
  }
}