{
  "utc": "2026-02-21T04:52:27Z",
  "scores": {
    "Score_ETF": 1.0,
    "Score_Stables": 0.381356,
    "Score_Stress": 0.518816,
    "Score_Gewichtet": 0.766288
  }
}