{
  "utc": "2026-02-28T19:36:59Z",
  "scores": {
    "Score_ETF": 0.99672,
    "Score_Stables": 0.487685,
    "Score_Stress": 0.719364,
    "Score_Gewichtet": 0.816274
  }
}