{
  "utc": "2026-02-03T21:09:15Z",
  "scores": {
    "Score_ETF": 1.0,
    "Score_Stables": 0.492219,
    "Score_Stress": 0.803479,
    "Score_Gewichtet": 0.828014
  }
}