{
  "utc": "2026-03-06T22:17:32Z",
  "scores": {
    "Score_ETF": 0.154681,
    "Score_Stables": 0.407356,
    "Score_Stress": 1.0,
    "Score_Gewichtet": 0.315016
  }
}