{
  "utc": "2026-03-06T19:53:17Z",
  "scores": {
    "Score_ETF": 0.251146,
    "Score_Stables": 0.42439,
    "Score_Stress": 1.0,
    "Score_Gewichtet": 0.378004
  }
}