{
  "utc": "2026-03-11T06:06:23Z",
  "scores": {
    "Score_ETF": 1.0,
    "Score_Stables": 0.419731,
    "Score_Stress": 0.971043,
    "Score_Gewichtet": 0.823024
  }
}