{
  "utc": "2026-03-09T19:33:05Z",
  "scores": {
    "Score_ETF": 1.0,
    "Score_Stables": 0.413921,
    "Score_Stress": 1.0,
    "Score_Gewichtet": 0.824176
  }
}