{
  "utc": "2026-03-14T19:45:12Z",
  "scores": {
    "Score_ETF": 0.0,
    "Score_Stables": 0.442022,
    "Score_Stress": 0.921054,
    "Score_Gewichtet": 0.224712
  }
}