{
  "utc": "2026-03-14T16:18:10Z",
  "scores": {
    "Score_ETF": 0.0,
    "Score_Stables": 0.452126,
    "Score_Stress": 0.922272,
    "Score_Gewichtet": 0.227865
  }
}