{
  "utc": "2026-02-17T05:24:44Z",
  "scores": {
    "Score_ETF": 0.0,
    "Score_Stables": 0.492271,
    "Score_Stress": 1.0,
    "Score_Gewichtet": 0.247681
  }
}