{
  "utc": "2026-02-21T17:53:00Z",
  "scores": {
    "Score_ETF": 0.0,
    "Score_Stables": 0.472881,
    "Score_Stress": 0.522514,
    "Score_Gewichtet": 0.194116
  }
}