{
  "utc": "2026-02-22T19:53:04Z",
  "scores": {
    "Score_ETF": 0.0,
    "Score_Stables": 0.527799,
    "Score_Stress": 0.488304,
    "Score_Gewichtet": 0.20717
  }
}