{
  "utc": "2026-03-11T17:40:50Z",
  "scores": {
    "Score_ETF": 1.0,
    "Score_Stables": 0.433449,
    "Score_Stress": 0.973421,
    "Score_Gewichtet": 0.827377
  }
}