{
  "utc": "2026-02-22T07:28:28Z",
  "scores": {
    "Score_ETF": 0.0,
    "Score_Stables": 0.522277,
    "Score_Stress": 0.486804,
    "Score_Gewichtet": 0.205363
  }
}