{
  "utc": "2026-03-11T01:04:46Z",
  "scores": {
    "Score_ETF": 1.0,
    "Score_Stables": 0.411222,
    "Score_Stress": 0.969128,
    "Score_Gewichtet": 0.820279
  }
}