{
  "utc": "2026-03-13T07:15:01Z",
  "scores": {
    "Score_ETF": 0.24146,
    "Score_Stables": 0.477915,
    "Score_Stress": 0.927215,
    "Score_Gewichtet": 0.380972
  }
}