{
  "utc": "2026-03-08T05:04:55Z",
  "scores": {
    "Score_ETF": 0.0,
    "Score_Stables": 0.515076,
    "Score_Stress": 1.0,
    "Score_Gewichtet": 0.254523
  }
}