{
  "utc": "2026-02-16T05:20:16Z",
  "scores": {
    "Score_ETF": 0.0,
    "Score_Stables": 0.498764,
    "Score_Stress": 1.0,
    "Score_Gewichtet": 0.249629
  }
}