{
  "utc": "2026-03-13T16:27:48Z",
  "scores": {
    "Score_ETF": 1.0,
    "Score_Stables": 0.483604,
    "Score_Stress": 0.926087,
    "Score_Gewichtet": 0.83769
  }
}