{
  "utc": "2026-02-12T21:05:37Z",
  "scores": {
    "Score_ETF": 0.0,
    "Score_Stables": 0.604444,
    "Score_Stress": 1.0,
    "Score_Gewichtet": 0.281333
  }
}