{
  "utc": "2026-03-13T23:49:01Z",
  "scores": {
    "Score_ETF": 1.0,
    "Score_Stables": 0.415359,
    "Score_Stress": 0.924853,
    "Score_Gewichtet": 0.817093
  }
}