{
  "utc": "2026-02-23T11:10:46Z",
  "scores": {
    "Score_ETF": 1.0,
    "Score_Stables": 0.50106,
    "Score_Stress": 0.50569,
    "Score_Gewichtet": 0.800887
  }
}