{
  "utc": "2026-02-20T10:00:16Z",
  "scores": {
    "Score_ETF": 0.0,
    "Score_Stables": 0.448566,
    "Score_Stress": 0.546192,
    "Score_Gewichtet": 0.189189
  }
}