{
  "utc": "2026-02-06T05:06:58Z",
  "scores": {
    "Score_ETF": 1.0,
    "Score_Stables": 0.493723,
    "Score_Stress": 1.0,
    "Score_Gewichtet": 0.848117
  }
}