{
  "utc": "2026-03-06T23:46:51Z",
  "scores": {
    "Score_ETF": 0.0,
    "Score_Stables": 0.450164,
    "Score_Stress": 1.0,
    "Score_Gewichtet": 0.235049
  }
}