{
  "utc": "2026-03-03T10:04:40Z",
  "scores": {
    "Score_ETF": 1.0,
    "Score_Stables": 0.328309,
    "Score_Stress": 0.92068,
    "Score_Gewichtet": 0.790561
  }
}