{
  "utc": "2026-02-05T17:35:22Z",
  "scores": {
    "Score_ETF": 1.0,
    "Score_Stables": 0.518846,
    "Score_Stress": 1.0,
    "Score_Gewichtet": 0.855654
  }
}