{
  "utc": "2026-03-02T14:29:08Z",
  "scores": {
    "Score_ETF": 1.0,
    "Score_Stables": 0.52595,
    "Score_Stress": 0.744309,
    "Score_Gewichtet": 0.832216
  }
}