{
  "utc": "2026-03-15T19:02:37Z",
  "scores": {
    "Score_ETF": 0.0,
    "Score_Stables": 0.501788,
    "Score_Stress": 0.886126,
    "Score_Gewichtet": 0.239149
  }
}