{
  "utc": "2026-03-07T13:11:44Z",
  "scores": {
    "Score_ETF": 0.0,
    "Score_Stables": 0.501655,
    "Score_Stress": 1.0,
    "Score_Gewichtet": 0.250497
  }
}