{
  "utc": "2026-03-09T14:49:23Z",
  "scores": {
    "Score_ETF": 0.0,
    "Score_Stables": 0.495206,
    "Score_Stress": 1.0,
    "Score_Gewichtet": 0.248562
  }
}