{
  "utc": "2026-03-04T19:55:52Z",
  "scores": {
    "Score_ETF": 1.0,
    "Score_Stables": 0.377421,
    "Score_Stress": 1.0,
    "Score_Gewichtet": 0.813226
  }
}