{
  "utc": "2026-02-04T07:34:56Z",
  "scores": {
    "Score_ETF": 1.0,
    "Score_Stables": 0.410793,
    "Score_Stress": 0.832526,
    "Score_Gewichtet": 0.80649
  }
}