{
  "utc": "2026-03-07T22:12:50Z",
  "scores": {
    "Score_ETF": 0.0,
    "Score_Stables": 0.528685,
    "Score_Stress": 1.0,
    "Score_Gewichtet": 0.258606
  }
}