{
  "utc": "2026-03-14T08:22:31Z",
  "scores": {
    "Score_ETF": 1.0,
    "Score_Stables": 0.42479,
    "Score_Stress": 0.922125,
    "Score_Gewichtet": 0.81965
  }
}