{
  "utc": "2026-02-15T07:29:27Z",
  "scores": {
    "Score_ETF": 0.0,
    "Score_Stables": 0.485317,
    "Score_Stress": 1.0,
    "Score_Gewichtet": 0.245595
  }
}