{
  "utc": "2026-03-08T01:09:25Z",
  "scores": {
    "Score_ETF": 0.0,
    "Score_Stables": 0.514069,
    "Score_Stress": 1.0,
    "Score_Gewichtet": 0.254221
  }
}