{
  "utc": "2026-02-03T13:50:06.592451Z",
  "scores": {
    "Score_ETF": 0.272533,
    "Score_Stables": 0.442391,
    "Score_Stress": 0.786351,
    "Score_Gewichtet": 0.374872
  }
}