{
  "utc": "2026-03-14T13:59:25Z",
  "scores": {
    "Score_ETF": 0.0,
    "Score_Stables": 0.421637,
    "Score_Stress": 0.919623,
    "Score_Gewichtet": 0.218453
  }
}