{
  "utc": "2026-02-27T14:09:51Z",
  "scores": {
    "Score_ETF": 1.0,
    "Score_Stables": 0.547868,
    "Score_Stress": 0.719744,
    "Score_Gewichtet": 0.836335
  }
}