{
  "utc": "2026-02-22T19:04:12Z",
  "scores": {
    "Score_ETF": 0.0,
    "Score_Stables": 0.525376,
    "Score_Stress": 0.48838,
    "Score_Gewichtet": 0.206451
  }
}