{
  "utc": "2026-02-11T11:13:35Z",
  "scores": {
    "Score_ETF": 0.0,
    "Score_Stables": 0.481188,
    "Score_Stress": 1.0,
    "Score_Gewichtet": 0.244356
  }
}