{
  "utc": "2026-03-14T21:17:32Z",
  "scores": {
    "Score_ETF": 0.0,
    "Score_Stables": 0.446619,
    "Score_Stress": 0.921274,
    "Score_Gewichtet": 0.226113
  }
}