{
  "utc": "2026-03-09T18:37:24Z",
  "scores": {
    "Score_ETF": 1.0,
    "Score_Stables": 0.406156,
    "Score_Stress": 1.0,
    "Score_Gewichtet": 0.821847
  }
}