{
  "utc": "2026-03-07T10:45:39Z",
  "scores": {
    "Score_ETF": 0.0,
    "Score_Stables": 0.495973,
    "Score_Stress": 1.0,
    "Score_Gewichtet": 0.248792
  }
}