{
  "utc": "2026-02-22T09:58:47Z",
  "scores": {
    "Score_ETF": 0.0,
    "Score_Stables": 0.526935,
    "Score_Stress": 0.487287,
    "Score_Gewichtet": 0.206809
  }
}