{
  "utc": "2026-02-17T10:31:50Z",
  "scores": {
    "Score_ETF": 0.0,
    "Score_Stables": 0.488495,
    "Score_Stress": 1.0,
    "Score_Gewichtet": 0.246548
  }
}