{
  "utc": "2026-03-15T09:35:35Z",
  "scores": {
    "Score_ETF": 0.0,
    "Score_Stables": 0.500266,
    "Score_Stress": 0.885756,
    "Score_Gewichtet": 0.238656
  }
}