{
  "utc": "2026-02-13T18:06:18Z",
  "scores": {
    "Score_ETF": 0.0,
    "Score_Stables": 0.538944,
    "Score_Stress": 1.0,
    "Score_Gewichtet": 0.261683
  }
}