{
  "utc": "2026-02-08T11:44:32Z",
  "scores": {
    "Score_ETF": 0.0,
    "Score_Stables": 0.484928,
    "Score_Stress": 1.0,
    "Score_Gewichtet": 0.245478
  }
}