{
  "utc": "2026-03-08T15:43:05Z",
  "scores": {
    "Score_ETF": 0.0,
    "Score_Stables": 0.497617,
    "Score_Stress": 1.0,
    "Score_Gewichtet": 0.249285
  }
}