{
  "utc": "2026-02-17T20:00:32Z",
  "scores": {
    "Score_ETF": 0.0,
    "Score_Stables": 0.524964,
    "Score_Stress": 1.0,
    "Score_Gewichtet": 0.257489
  }
}