{
  "utc": "2026-03-11T07:14:28Z",
  "scores": {
    "Score_ETF": 1.0,
    "Score_Stables": 0.413898,
    "Score_Stress": 0.969331,
    "Score_Gewichtet": 0.821103
  }
}