{
  "utc": "2026-02-28T16:50:45Z",
  "scores": {
    "Score_ETF": 0.969564,
    "Score_Stables": 0.507573,
    "Score_Stress": 0.71695,
    "Score_Gewichtet": 0.805706
  }
}