{
  "utc": "2026-02-22T20:53:57Z",
  "scores": {
    "Score_ETF": 0.0,
    "Score_Stables": 0.526662,
    "Score_Stress": 0.488848,
    "Score_Gewichtet": 0.206883
  }
}