{
  "utc": "2026-02-21T09:00:58Z",
  "scores": {
    "Score_ETF": 1.0,
    "Score_Stables": 0.405594,
    "Score_Stress": 0.518669,
    "Score_Gewichtet": 0.773545
  }
}