{
  "utc": "2026-02-14T09:59:19Z",
  "scores": {
    "Score_ETF": 0.0,
    "Score_Stables": 0.438727,
    "Score_Stress": 1.0,
    "Score_Gewichtet": 0.231618
  }
}