{
  "utc": "2026-02-25T14:36:10Z",
  "scores": {
    "Score_ETF": 1.0,
    "Score_Stables": 0.449313,
    "Score_Stress": 0.673501,
    "Score_Gewichtet": 0.802144
  }
}