{
  "utc": "2026-02-28T13:47:59Z",
  "scores": {
    "Score_ETF": 1.0,
    "Score_Stables": 0.495058,
    "Score_Stress": 0.742013,
    "Score_Gewichtet": 0.822719
  }
}