{
  "utc": "2026-03-15T04:08:37Z",
  "scores": {
    "Score_ETF": 0.0,
    "Score_Stables": 0.507066,
    "Score_Stress": 0.885589,
    "Score_Gewichtet": 0.240679
  }
}