{
  "utc": "2026-02-07T22:58:18Z",
  "scores": {
    "Score_ETF": 0.0,
    "Score_Stables": 0.356539,
    "Score_Stress": 1.0,
    "Score_Gewichtet": 0.206962
  }
}