{
  "utc": "2026-03-09T13:58:23Z",
  "scores": {
    "Score_ETF": 0.016632,
    "Score_Stables": 0.525679,
    "Score_Stress": 1.0,
    "Score_Gewichtet": 0.267683
  }
}