{
  "utc": "2026-02-27T00:02:01Z",
  "scores": {
    "Score_ETF": 1.0,
    "Score_Stables": 0.526306,
    "Score_Stress": 0.798021,
    "Score_Gewichtet": 0.837694
  }
}