{
  "utc": "2026-02-25T18:15:40Z",
  "scores": {
    "Score_ETF": 1.0,
    "Score_Stables": 0.389787,
    "Score_Stress": 0.906659,
    "Score_Gewichtet": 0.807602
  }
}