{
  "utc": "2026-03-11T14:43:16Z",
  "scores": {
    "Score_ETF": 1.0,
    "Score_Stables": 0.416664,
    "Score_Stress": 0.973294,
    "Score_Gewichtet": 0.822328
  }
}