{
  "utc": "2026-03-05T07:53:02Z",
  "scores": {
    "Score_ETF": 1.0,
    "Score_Stables": 0.333803,
    "Score_Stress": 1.0,
    "Score_Gewichtet": 0.800141
  }
}