{
  "utc": "2026-03-07T20:14:05Z",
  "scores": {
    "Score_ETF": 0.0,
    "Score_Stables": 0.525814,
    "Score_Stress": 1.0,
    "Score_Gewichtet": 0.257744
  }
}