{
  "utc": "2026-03-10T06:03:24Z",
  "scores": {
    "Score_ETF": 1.0,
    "Score_Stables": 0.309328,
    "Score_Stress": 1.0,
    "Score_Gewichtet": 0.792798
  }
}