{
  "utc": "2026-03-11T21:22:42Z",
  "scores": {
    "Score_ETF": 0.387735,
    "Score_Stables": 0.46546,
    "Score_Stress": 0.971391,
    "Score_Gewichtet": 0.469418
  }
}