{
  "utc": "2026-02-18T12:04:01Z",
  "scores": {
    "Score_ETF": 0.0,
    "Score_Stables": 0.531041,
    "Score_Stress": 1.0,
    "Score_Gewichtet": 0.259312
  }
}