{
  "utc": "2026-02-16T21:55:44Z",
  "scores": {
    "Score_ETF": 0.0,
    "Score_Stables": 0.480876,
    "Score_Stress": 1.0,
    "Score_Gewichtet": 0.244263
  }
}