{
  "utc": "2026-03-12T20:23:22Z",
  "scores": {
    "Score_ETF": 0.0,
    "Score_Stables": 0.479906,
    "Score_Stress": 0.964536,
    "Score_Gewichtet": 0.240425
  }
}