{
  "utc": "2026-03-07T18:19:15Z",
  "scores": {
    "Score_ETF": 0.0,
    "Score_Stables": 0.522411,
    "Score_Stress": 1.0,
    "Score_Gewichtet": 0.256723
  }
}