{
  "utc": "2026-02-08T21:53:17Z",
  "scores": {
    "Score_ETF": 0.0,
    "Score_Stables": 0.457587,
    "Score_Stress": 1.0,
    "Score_Gewichtet": 0.237276
  }
}