{
  "utc": "2026-02-03T21:57:27Z",
  "scores": {
    "Score_ETF": 1.0,
    "Score_Stables": 0.502428,
    "Score_Stress": 0.81988,
    "Score_Gewichtet": 0.832716
  }
}