{
  "utc": "2026-03-08T18:55:08Z",
  "scores": {
    "Score_ETF": 0.0,
    "Score_Stables": 0.495537,
    "Score_Stress": 1.0,
    "Score_Gewichtet": 0.248661
  }
}