{
  "utc": "2026-02-24T23:04:01Z",
  "scores": {
    "Score_ETF": 1.0,
    "Score_Stables": 0.465019,
    "Score_Stress": 0.597339,
    "Score_Gewichtet": 0.79924
  }
}