{
  "utc": "2026-03-12T07:26:43Z",
  "scores": {
    "Score_ETF": 0.0,
    "Score_Stables": 0.470864,
    "Score_Stress": 0.971791,
    "Score_Gewichtet": 0.238438
  }
}