{
  "utc": "2026-03-14T10:51:35Z",
  "scores": {
    "Score_ETF": 0.658543,
    "Score_Stables": 0.430614,
    "Score_Stress": 0.923372,
    "Score_Gewichtet": 0.616648
  }
}