{
  "utc": "2026-03-12T23:46:45Z",
  "scores": {
    "Score_ETF": 0.0,
    "Score_Stables": 0.497838,
    "Score_Stress": 0.964476,
    "Score_Gewichtet": 0.245799
  }
}