{
  "utc": "2026-02-04T17:12:31Z",
  "scores": {
    "Score_ETF": 1.0,
    "Score_Stables": 0.44548,
    "Score_Stress": 0.837948,
    "Score_Gewichtet": 0.817439
  }
}