{
  "utc": "2026-02-07T17:54:56Z",
  "scores": {
    "Score_ETF": 1.0,
    "Score_Stables": 0.296005,
    "Score_Stress": 1.0,
    "Score_Gewichtet": 0.788802
  }
}