{
  "utc": "2026-03-02T07:55:11Z",
  "scores": {
    "Score_ETF": 0.931011,
    "Score_Stables": 0.508385,
    "Score_Stress": 0.747113,
    "Score_Gewichtet": 0.785833
  }
}