{
  "utc": "2026-03-06T20:20:01Z",
  "scores": {
    "Score_ETF": 0.175299,
    "Score_Stables": 0.417728,
    "Score_Stress": 1.0,
    "Score_Gewichtet": 0.330498
  }
}