{
  "utc": "2026-02-15T22:55:42Z",
  "scores": {
    "Score_ETF": 0.0,
    "Score_Stables": 0.501063,
    "Score_Stress": 1.0,
    "Score_Gewichtet": 0.250319
  }
}