{
  "utc": "2026-03-07T14:15:00Z",
  "scores": {
    "Score_ETF": 0.0,
    "Score_Stables": 0.495729,
    "Score_Stress": 1.0,
    "Score_Gewichtet": 0.248719
  }
}