{
  "utc": "2026-03-08T23:43:00Z",
  "scores": {
    "Score_ETF": 0.0,
    "Score_Stables": 0.513653,
    "Score_Stress": 1.0,
    "Score_Gewichtet": 0.254096
  }
}