{
  "utc": "2026-03-10T22:17:17Z",
  "scores": {
    "Score_ETF": 1.0,
    "Score_Stables": 0.405472,
    "Score_Stress": 1.0,
    "Score_Gewichtet": 0.821642
  }
}