{
  "utc": "2026-02-08T10:58:03Z",
  "scores": {
    "Score_ETF": 0.0,
    "Score_Stables": 0.479969,
    "Score_Stress": 1.0,
    "Score_Gewichtet": 0.243991
  }
}