{
  "utc": "2026-02-03T23:01:32Z",
  "scores": {
    "Score_ETF": 1.0,
    "Score_Stables": 0.492135,
    "Score_Stress": 0.83927,
    "Score_Gewichtet": 0.831568
  }
}