{
  "utc": "2026-03-01T22:52:25Z",
  "scores": {
    "Score_ETF": 1.0,
    "Score_Stables": 0.499787,
    "Score_Stress": 0.763362,
    "Score_Gewichtet": 0.826272
  }
}