{
  "utc": "2026-02-06T19:53:52Z",
  "scores": {
    "Score_ETF": 1.0,
    "Score_Stables": 0.310719,
    "Score_Stress": 1.0,
    "Score_Gewichtet": 0.793216
  }
}