{
  "utc": "2026-03-15T11:17:15Z",
  "scores": {
    "Score_ETF": 0.0,
    "Score_Stables": 0.497988,
    "Score_Stress": 0.885501,
    "Score_Gewichtet": 0.237947
  }
}