{
  "utc": "2026-02-21T10:55:31Z",
  "scores": {
    "Score_ETF": 1.0,
    "Score_Stables": 0.404472,
    "Score_Stress": 0.519602,
    "Score_Gewichtet": 0.773302
  }
}