{
  "utc": "2026-03-09T20:56:34Z",
  "scores": {
    "Score_ETF": 1.0,
    "Score_Stables": 0.408692,
    "Score_Stress": 1.0,
    "Score_Gewichtet": 0.822608
  }
}