{
  "utc": "2026-02-15T15:50:50Z",
  "scores": {
    "Score_ETF": 0.0,
    "Score_Stables": 0.506574,
    "Score_Stress": 1.0,
    "Score_Gewichtet": 0.251972
  }
}