{
  "utc": "2026-03-13T12:33:41Z",
  "scores": {
    "Score_ETF": 0.680277,
    "Score_Stables": 0.487651,
    "Score_Stress": 0.946245,
    "Score_Gewichtet": 0.649086
  }
}