{
  "utc": "2026-02-14T10:57:15Z",
  "scores": {
    "Score_ETF": 0.0,
    "Score_Stables": 0.443597,
    "Score_Stress": 1.0,
    "Score_Gewichtet": 0.233079
  }
}