{
  "utc": "2026-03-08T22:46:02Z",
  "scores": {
    "Score_ETF": 0.0,
    "Score_Stables": 0.496474,
    "Score_Stress": 1.0,
    "Score_Gewichtet": 0.248942
  }
}