{
  "utc": "2026-03-10T15:50:31Z",
  "scores": {
    "Score_ETF": 1.0,
    "Score_Stables": 0.325229,
    "Score_Stress": 1.0,
    "Score_Gewichtet": 0.797569
  }
}