{
  "utc": "2026-02-14T22:53:57Z",
  "scores": {
    "Score_ETF": 0.0,
    "Score_Stables": 0.501978,
    "Score_Stress": 1.0,
    "Score_Gewichtet": 0.250593
  }
}