{
  "utc": "2026-02-28T10:48:57Z",
  "scores": {
    "Score_ETF": 1.0,
    "Score_Stables": 0.494909,
    "Score_Stress": 0.750855,
    "Score_Gewichtet": 0.823558
  }
}