{
  "utc": "2026-02-28T17:41:12Z",
  "scores": {
    "Score_ETF": 0.487828,
    "Score_Stables": 0.509721,
    "Score_Stress": 0.717015,
    "Score_Gewichtet": 0.517315
  }
}