{
  "utc": "2026-03-10T09:33:30Z",
  "scores": {
    "Score_ETF": 1.0,
    "Score_Stables": 0.303009,
    "Score_Stress": 1.0,
    "Score_Gewichtet": 0.790903
  }
}