{
  "utc": "2026-02-28T04:34:58Z",
  "scores": {
    "Score_ETF": 0.185542,
    "Score_Stables": 0.509227,
    "Score_Stress": 0.713212,
    "Score_Gewichtet": 0.335415
  }
}