{
  "utc": "2026-02-24T19:57:14Z",
  "scores": {
    "Score_ETF": 1.0,
    "Score_Stables": 0.465855,
    "Score_Stress": 0.597289,
    "Score_Gewichtet": 0.799485
  }
}