{
  "utc": "2026-02-20T23:54:41Z",
  "scores": {
    "Score_ETF": 1.0,
    "Score_Stables": 0.388201,
    "Score_Stress": 0.536898,
    "Score_Gewichtet": 0.77015
  }
}