{
  "utc": "2026-03-06T01:12:55Z",
  "scores": {
    "Score_ETF": 1.0,
    "Score_Stables": 0.450877,
    "Score_Stress": 1.0,
    "Score_Gewichtet": 0.835263
  }
}