{
  "utc": "2026-03-06T08:25:25Z",
  "scores": {
    "Score_ETF": 1.0,
    "Score_Stables": 0.449853,
    "Score_Stress": 1.0,
    "Score_Gewichtet": 0.834956
  }
}