{
  "utc": "2026-03-06T05:04:41Z",
  "scores": {
    "Score_ETF": 1.0,
    "Score_Stables": 0.450223,
    "Score_Stress": 1.0,
    "Score_Gewichtet": 0.835067
  }
}