{
  "utc": "2026-02-09T20:06:44Z",
  "scores": {
    "Score_ETF": 0.0,
    "Score_Stables": 0.708574,
    "Score_Stress": 1.0,
    "Score_Gewichtet": 0.312572
  }
}