{
  "utc": "2026-02-05T07:56:20Z",
  "scores": {
    "Score_ETF": 1.0,
    "Score_Stables": 0.550125,
    "Score_Stress": 0.830607,
    "Score_Gewichtet": 0.848098
  }
}