{
  "utc": "2026-02-22T13:54:53Z",
  "scores": {
    "Score_ETF": 0.0,
    "Score_Stables": 0.527409,
    "Score_Stress": 0.486726,
    "Score_Gewichtet": 0.206895
  }
}