{
  "utc": "2026-02-25T11:13:11Z",
  "scores": {
    "Score_ETF": 1.0,
    "Score_Stables": 0.466423,
    "Score_Stress": 0.594133,
    "Score_Gewichtet": 0.79934
  }
}