{
  "utc": "2026-02-10T19:43:45Z",
  "scores": {
    "Score_ETF": 0.0,
    "Score_Stables": 0.423411,
    "Score_Stress": 1.0,
    "Score_Gewichtet": 0.227023
  }
}