{
  "utc": "2026-03-10T01:04:03Z",
  "scores": {
    "Score_ETF": 1.0,
    "Score_Stables": 0.319278,
    "Score_Stress": 1.0,
    "Score_Gewichtet": 0.795783
  }
}