{
  "utc": "2026-03-13T01:07:20Z",
  "scores": {
    "Score_ETF": 0.0,
    "Score_Stables": 0.489016,
    "Score_Stress": 0.929081,
    "Score_Gewichtet": 0.239613
  }
}