{
  "utc": "2026-03-11T21:52:53Z",
  "scores": {
    "Score_ETF": 0.275278,
    "Score_Stables": 0.466856,
    "Score_Stress": 0.972869,
    "Score_Gewichtet": 0.402511
  }
}