{
  "utc": "2026-02-07T13:55:15Z",
  "scores": {
    "Score_ETF": 1.0,
    "Score_Stables": 0.153895,
    "Score_Stress": 1.0,
    "Score_Gewichtet": 0.746168
  }
}