{
  "utc": "2026-03-14T12:27:39Z",
  "scores": {
    "Score_ETF": 0.0,
    "Score_Stables": 0.426655,
    "Score_Stress": 0.920543,
    "Score_Gewichtet": 0.220051
  }
}