{
  "utc": "2026-03-11T16:39:35Z",
  "scores": {
    "Score_ETF": 0.724691,
    "Score_Stables": 0.41497,
    "Score_Stress": 0.973212,
    "Score_Gewichtet": 0.656627
  }
}