{
  "utc": "2026-03-09T15:46:22Z",
  "scores": {
    "Score_ETF": 1.0,
    "Score_Stables": 0.496255,
    "Score_Stress": 1.0,
    "Score_Gewichtet": 0.848877
  }
}