{
  "utc": "2026-02-05T23:00:13Z",
  "scores": {
    "Score_ETF": 1.0,
    "Score_Stables": 0.476961,
    "Score_Stress": 1.0,
    "Score_Gewichtet": 0.843088
  }
}