{
  "utc": "2026-03-09T22:18:18Z",
  "scores": {
    "Score_ETF": 1.0,
    "Score_Stables": 0.334982,
    "Score_Stress": 1.0,
    "Score_Gewichtet": 0.800495
  }
}