{
  "utc": "2026-03-05T20:03:00Z",
  "scores": {
    "Score_ETF": 1.0,
    "Score_Stables": 0.439477,
    "Score_Stress": 1.0,
    "Score_Gewichtet": 0.831843
  }
}