{
  "utc": "2026-02-12T15:11:13Z",
  "scores": {
    "Score_ETF": 0.0,
    "Score_Stables": 0.577321,
    "Score_Stress": 1.0,
    "Score_Gewichtet": 0.273196
  }
}