{
  "utc": "2026-02-24T14:39:12Z",
  "scores": {
    "Score_ETF": 1.0,
    "Score_Stables": 0.459176,
    "Score_Stress": 0.623105,
    "Score_Gewichtet": 0.800063
  }
}