{
  "utc": "2026-03-12T08:00:08Z",
  "scores": {
    "Score_ETF": 0.0,
    "Score_Stables": 0.470047,
    "Score_Stress": 0.968498,
    "Score_Gewichtet": 0.237864
  }
}