{
  "utc": "2026-02-25T19:59:29Z",
  "scores": {
    "Score_ETF": 1.0,
    "Score_Stables": 0.405663,
    "Score_Stress": 0.927076,
    "Score_Gewichtet": 0.814406
  }
}