{
  "utc": "2026-03-02T05:07:13Z",
  "scores": {
    "Score_ETF": 0.878427,
    "Score_Stables": 0.513521,
    "Score_Stress": 0.761796,
    "Score_Gewichtet": 0.757292
  }
}