{
  "utc": "2026-02-20T07:55:03Z",
  "scores": {
    "Score_ETF": 0.0,
    "Score_Stables": 0.437604,
    "Score_Stress": 0.532726,
    "Score_Gewichtet": 0.184554
  }
}