{
  "utc": "2026-02-17T12:04:12Z",
  "scores": {
    "Score_ETF": 0.0,
    "Score_Stables": 0.490972,
    "Score_Stress": 1.0,
    "Score_Gewichtet": 0.247292
  }
}