{
  "utc": "2026-03-13T13:52:30Z",
  "scores": {
    "Score_ETF": 1.0,
    "Score_Stables": 0.489059,
    "Score_Stress": 0.97927,
    "Score_Gewichtet": 0.844645
  }
}