{
  "utc": "2026-02-28T15:40:33Z",
  "scores": {
    "Score_ETF": 1.0,
    "Score_Stables": 0.500904,
    "Score_Stress": 0.721557,
    "Score_Gewichtet": 0.822427
  }
}