{
  "utc": "2026-03-04T07:26:48Z",
  "scores": {
    "Score_ETF": 1.0,
    "Score_Stables": 0.418122,
    "Score_Stress": 0.845807,
    "Score_Gewichtet": 0.810017
  }
}