{
  "utc": "2026-03-06T16:32:53Z",
  "scores": {
    "Score_ETF": 0.814626,
    "Score_Stables": 0.40744,
    "Score_Stress": 1.0,
    "Score_Gewichtet": 0.711008
  }
}