{
  "utc": "2026-02-10T15:47:35Z",
  "scores": {
    "Score_ETF": 0.0,
    "Score_Stables": 0.460415,
    "Score_Stress": 1.0,
    "Score_Gewichtet": 0.238125
  }
}