{
  "utc": "2026-02-04T22:56:24Z",
  "scores": {
    "Score_ETF": 1.0,
    "Score_Stables": 0.501276,
    "Score_Stress": 0.843786,
    "Score_Gewichtet": 0.834761
  }
}