{
  "utc": "2026-02-24T11:10:09Z",
  "scores": {
    "Score_ETF": 1.0,
    "Score_Stables": 0.436537,
    "Score_Stress": 0.615052,
    "Score_Gewichtet": 0.792466
  }
}