{
  "utc": "2026-03-05T10:07:20Z",
  "scores": {
    "Score_ETF": 1.0,
    "Score_Stables": 0.362996,
    "Score_Stress": 1.0,
    "Score_Gewichtet": 0.808899
  }
}