{
  "utc": "2026-03-14T11:15:53Z",
  "scores": {
    "Score_ETF": 0.519902,
    "Score_Stables": 0.429134,
    "Score_Stress": 0.921704,
    "Score_Gewichtet": 0.532852
  }
}