{
  "utc": "2026-02-19T10:27:19Z",
  "scores": {
    "Score_ETF": 0.0,
    "Score_Stables": 0.460142,
    "Score_Stress": 1.0,
    "Score_Gewichtet": 0.238043
  }
}