{
  "utc": "2026-02-03T16:06:15.588704Z",
  "scores": {
    "Score_ETF": 0.0,
    "Score_Stables": 0.453966,
    "Score_Stress": 0.787104,
    "Score_Gewichtet": 0.2149
  }
}