{
  "utc": "2026-03-11T23:45:52Z",
  "scores": {
    "Score_ETF": 0.101316,
    "Score_Stables": 0.463147,
    "Score_Stress": 0.969667,
    "Score_Gewichtet": 0.2967
  }
}