{
  "utc": "2026-03-04T23:55:39Z",
  "scores": {
    "Score_ETF": 1.0,
    "Score_Stables": 0.356996,
    "Score_Stress": 1.0,
    "Score_Gewichtet": 0.807099
  }
}