{
  "utc": "2026-02-15T10:57:25Z",
  "scores": {
    "Score_ETF": 0.0,
    "Score_Stables": 0.490975,
    "Score_Stress": 1.0,
    "Score_Gewichtet": 0.247293
  }
}