{
  "utc": "2026-03-09T12:35:42Z",
  "scores": {
    "Score_ETF": 0.0,
    "Score_Stables": 0.528589,
    "Score_Stress": 1.0,
    "Score_Gewichtet": 0.258577
  }
}