{
  "utc": "2026-02-14T19:52:07Z",
  "scores": {
    "Score_ETF": 0.0,
    "Score_Stables": 0.450786,
    "Score_Stress": 1.0,
    "Score_Gewichtet": 0.235236
  }
}