{
  "utc": "2026-02-18T15:08:54Z",
  "scores": {
    "Score_ETF": 0.0,
    "Score_Stables": 0.540784,
    "Score_Stress": 1.0,
    "Score_Gewichtet": 0.262235
  }
}