{
  "utc": "2026-03-03T14:11:05Z",
  "scores": {
    "Score_ETF": 1.0,
    "Score_Stables": 0.30846,
    "Score_Stress": 0.890955,
    "Score_Gewichtet": 0.781633
  }
}