{
  "utc": "2026-03-04T09:07:36Z",
  "scores": {
    "Score_ETF": 1.0,
    "Score_Stables": 0.406,
    "Score_Stress": 0.914049,
    "Score_Gewichtet": 0.813205
  }
}