{
  "utc": "2026-02-18T21:56:21Z",
  "scores": {
    "Score_ETF": 0.0,
    "Score_Stables": 0.484635,
    "Score_Stress": 1.0,
    "Score_Gewichtet": 0.245391
  }
}