{
  "utc": "2026-03-15T22:17:08Z",
  "scores": {
    "Score_ETF": 0.0,
    "Score_Stables": 0.497673,
    "Score_Stress": 0.885583,
    "Score_Gewichtet": 0.23786
  }
}