{
  "utc": "2026-03-09T23:47:29Z",
  "scores": {
    "Score_ETF": 1.0,
    "Score_Stables": 0.323364,
    "Score_Stress": 1.0,
    "Score_Gewichtet": 0.797009
  }
}