{
  "utc": "2026-02-13T07:57:12Z",
  "scores": {
    "Score_ETF": 0.0,
    "Score_Stables": 0.566449,
    "Score_Stress": 1.0,
    "Score_Gewichtet": 0.269935
  }
}