{
  "utc": "2026-03-01T13:50:20Z",
  "scores": {
    "Score_ETF": 1.0,
    "Score_Stables": 0.494369,
    "Score_Stress": 0.732329,
    "Score_Gewichtet": 0.821544
  }
}