{
  "utc": "2026-03-04T04:57:24Z",
  "scores": {
    "Score_ETF": 1.0,
    "Score_Stables": 0.407201,
    "Score_Stress": 0.851553,
    "Score_Gewichtet": 0.807316
  }
}