{
  "utc": "2026-03-07T21:12:03Z",
  "scores": {
    "Score_ETF": 0.0,
    "Score_Stables": 0.525175,
    "Score_Stress": 1.0,
    "Score_Gewichtet": 0.257553
  }
}