{
  "utc": "2026-02-22T22:55:05Z",
  "scores": {
    "Score_ETF": 0.0,
    "Score_Stables": 0.527472,
    "Score_Stress": 0.486324,
    "Score_Gewichtet": 0.206874
  }
}