{
  "utc": "2026-02-22T05:07:25Z",
  "scores": {
    "Score_ETF": 0.0,
    "Score_Stables": 0.525564,
    "Score_Stress": 0.486654,
    "Score_Gewichtet": 0.206335
  }
}