{
  "utc": "2026-02-07T07:08:48Z",
  "scores": {
    "Score_ETF": 1.0,
    "Score_Stables": 0.122845,
    "Score_Stress": 1.0,
    "Score_Gewichtet": 0.736854
  }
}