{
  "utc": "2026-03-13T19:51:36Z",
  "scores": {
    "Score_ETF": 0.0,
    "Score_Stables": 0.471646,
    "Score_Stress": 0.925279,
    "Score_Gewichtet": 0.234022
  }
}