{
  "utc": "2026-03-11T11:06:17Z",
  "scores": {
    "Score_ETF": 0.327808,
    "Score_Stables": 0.411903,
    "Score_Stress": 0.971062,
    "Score_Gewichtet": 0.417362
  }
}