{
  "utc": "2026-02-08T08:02:22Z",
  "scores": {
    "Score_ETF": 0.0,
    "Score_Stables": 0.479359,
    "Score_Stress": 1.0,
    "Score_Gewichtet": 0.243808
  }
}