{
  "utc": "2026-03-11T19:35:41Z",
  "scores": {
    "Score_ETF": 0.718007,
    "Score_Stables": 0.462487,
    "Score_Stress": 0.971871,
    "Score_Gewichtet": 0.666737
  }
}