{
  "utc": "2026-03-07T18:53:23Z",
  "scores": {
    "Score_ETF": 0.0,
    "Score_Stables": 0.525419,
    "Score_Stress": 1.0,
    "Score_Gewichtet": 0.257626
  }
}