{
  "utc": "2026-03-05T21:30:35Z",
  "scores": {
    "Score_ETF": 1.0,
    "Score_Stables": 0.445639,
    "Score_Stress": 1.0,
    "Score_Gewichtet": 0.833692
  }
}