{
  "utc": "2026-02-09T11:13:59Z",
  "scores": {
    "Score_ETF": 0.0,
    "Score_Stables": 0.695884,
    "Score_Stress": 1.0,
    "Score_Gewichtet": 0.308765
  }
}