{
  "utc": "2026-02-22T21:48:50Z",
  "scores": {
    "Score_ETF": 0.0,
    "Score_Stables": 0.526467,
    "Score_Stress": 0.487067,
    "Score_Gewichtet": 0.206647
  }
}