{
  "utc": "2026-02-20T18:05:51Z",
  "scores": {
    "Score_ETF": 1.0,
    "Score_Stables": 0.393484,
    "Score_Stress": 0.52441,
    "Score_Gewichtet": 0.770486
  }
}