{
  "utc": "2026-03-02T10:29:45Z",
  "scores": {
    "Score_ETF": 1.0,
    "Score_Stables": 0.517756,
    "Score_Stress": 0.75102,
    "Score_Gewichtet": 0.830429
  }
}