{
  "utc": "2026-02-21T07:58:21Z",
  "scores": {
    "Score_ETF": 1.0,
    "Score_Stables": 0.405226,
    "Score_Stress": 0.518317,
    "Score_Gewichtet": 0.773399
  }
}