{
  "utc": "2026-03-11T13:58:12Z",
  "scores": {
    "Score_ETF": 1.0,
    "Score_Stables": 0.404917,
    "Score_Stress": 0.969221,
    "Score_Gewichtet": 0.818397
  }
}