{
  "utc": "2026-02-19T21:03:10Z",
  "scores": {
    "Score_ETF": 0.0,
    "Score_Stables": 0.437827,
    "Score_Stress": 1.0,
    "Score_Gewichtet": 0.231348
  }
}