{
  "utc": "2026-03-06T17:57:51Z",
  "scores": {
    "Score_ETF": 0.741214,
    "Score_Stables": 0.392588,
    "Score_Stress": 1.0,
    "Score_Gewichtet": 0.662505
  }
}