{
  "utc": "2026-02-18T23:04:10Z",
  "scores": {
    "Score_ETF": 0.0,
    "Score_Stables": 0.479285,
    "Score_Stress": 1.0,
    "Score_Gewichtet": 0.243786
  }
}