{
  "utc": "2026-03-14T11:43:27Z",
  "scores": {
    "Score_ETF": 0.503172,
    "Score_Stables": 0.428572,
    "Score_Stress": 0.921246,
    "Score_Gewichtet": 0.522599
  }
}