{
  "utc": "2026-03-11T15:37:38Z",
  "scores": {
    "Score_ETF": 0.679302,
    "Score_Stables": 0.403512,
    "Score_Stress": 0.969136,
    "Score_Gewichtet": 0.625548
  }
}