{
  "utc": "2026-03-06T10:36:49Z",
  "scores": {
    "Score_ETF": 0.746382,
    "Score_Stables": 0.419466,
    "Score_Stress": 1.0,
    "Score_Gewichtet": 0.673669
  }
}