{
  "utc": "2026-03-07T09:48:23Z",
  "scores": {
    "Score_ETF": 0.0,
    "Score_Stables": 0.494493,
    "Score_Stress": 1.0,
    "Score_Gewichtet": 0.248348
  }
}