{
  "utc": "2026-03-07T16:15:14Z",
  "scores": {
    "Score_ETF": 0.0,
    "Score_Stables": 0.542459,
    "Score_Stress": 1.0,
    "Score_Gewichtet": 0.262738
  }
}