{
  "utc": "2026-02-28T07:05:33Z",
  "scores": {
    "Score_ETF": 1.0,
    "Score_Stables": 0.507353,
    "Score_Stress": 0.773713,
    "Score_Gewichtet": 0.829577
  }
}