{
  "utc": "2026-02-06T11:51:19Z",
  "scores": {
    "Score_ETF": 1.0,
    "Score_Stables": 0.486069,
    "Score_Stress": 1.0,
    "Score_Gewichtet": 0.845821
  }
}