{
  "utc": "2026-03-13T08:45:39Z",
  "scores": {
    "Score_ETF": 0.146583,
    "Score_Stables": 0.47365,
    "Score_Stress": 0.934325,
    "Score_Gewichtet": 0.323477
  }
}