{
  "utc": "2026-02-04T11:50:52Z",
  "scores": {
    "Score_ETF": 1.0,
    "Score_Stables": 0.417658,
    "Score_Stress": 0.823506,
    "Score_Gewichtet": 0.807648
  }
}