{
  "utc": "2026-02-21T11:41:23Z",
  "scores": {
    "Score_ETF": 1.0,
    "Score_Stables": 0.408751,
    "Score_Stress": 0.519242,
    "Score_Gewichtet": 0.774549
  }
}