{
  "utc": "2026-02-11T22:00:39Z",
  "scores": {
    "Score_ETF": 0.0,
    "Score_Stables": 0.510747,
    "Score_Stress": 1.0,
    "Score_Gewichtet": 0.253224
  }
}