{
  "utc": "2026-03-11T09:32:19Z",
  "scores": {
    "Score_ETF": 0.694267,
    "Score_Stables": 0.417655,
    "Score_Stress": 0.971613,
    "Score_Gewichtet": 0.639018
  }
}