{
  "utc": "2026-02-20T22:59:26Z",
  "scores": {
    "Score_ETF": 1.0,
    "Score_Stables": 0.385533,
    "Score_Stress": 0.540166,
    "Score_Gewichtet": 0.769677
  }
}