{
  "utc": "2026-02-14T14:56:49Z",
  "scores": {
    "Score_ETF": 0.0,
    "Score_Stables": 0.421231,
    "Score_Stress": 1.0,
    "Score_Gewichtet": 0.226369
  }
}