{
  "utc": "2026-02-20T00:01:27Z",
  "scores": {
    "Score_ETF": 0.0,
    "Score_Stables": 0.450356,
    "Score_Stress": 1.0,
    "Score_Gewichtet": 0.235107
  }
}