{
  "utc": "2026-02-27T10:03:51Z",
  "scores": {
    "Score_ETF": 1.0,
    "Score_Stables": 0.544611,
    "Score_Stress": 0.702415,
    "Score_Gewichtet": 0.833625
  }
}