{
  "utc": "2026-03-06T06:02:46Z",
  "scores": {
    "Score_ETF": 0.925316,
    "Score_Stables": 0.444716,
    "Score_Stress": 1.0,
    "Score_Gewichtet": 0.788604
  }
}