{
  "utc": "2026-03-15T18:24:24Z",
  "scores": {
    "Score_ETF": 0.0,
    "Score_Stables": 0.500992,
    "Score_Stress": 0.885537,
    "Score_Gewichtet": 0.238851
  }
}