{
  "utc": "2026-03-07T14:45:46Z",
  "scores": {
    "Score_ETF": 0.0,
    "Score_Stables": 0.532969,
    "Score_Stress": 1.0,
    "Score_Gewichtet": 0.259891
  }
}