{
  "utc": "2026-03-12T20:58:02Z",
  "scores": {
    "Score_ETF": 0.0,
    "Score_Stables": 0.484205,
    "Score_Stress": 0.965069,
    "Score_Gewichtet": 0.241768
  }
}