{
  "utc": "2026-03-11T05:06:19Z",
  "scores": {
    "Score_ETF": 1.0,
    "Score_Stables": 0.416265,
    "Score_Stress": 0.969146,
    "Score_Gewichtet": 0.821794
  }
}