{
  "utc": "2026-03-13T05:08:02Z",
  "scores": {
    "Score_ETF": 0.0,
    "Score_Stables": 0.479712,
    "Score_Stress": 0.926178,
    "Score_Gewichtet": 0.236531
  }
}