{
  "utc": "2026-03-08T16:15:53Z",
  "scores": {
    "Score_ETF": 0.0,
    "Score_Stables": 0.501535,
    "Score_Stress": 1.0,
    "Score_Gewichtet": 0.250461
  }
}