{
  "utc": "2026-02-08T17:01:16Z",
  "scores": {
    "Score_ETF": 0.0,
    "Score_Stables": 0.459211,
    "Score_Stress": 1.0,
    "Score_Gewichtet": 0.237763
  }
}