{
  "utc": "2026-03-15T08:59:23Z",
  "scores": {
    "Score_ETF": 0.0,
    "Score_Stables": 0.501848,
    "Score_Stress": 0.885504,
    "Score_Gewichtet": 0.239105
  }
}