{
  "utc": "2026-02-10T22:04:47Z",
  "scores": {
    "Score_ETF": 0.0,
    "Score_Stables": 0.443198,
    "Score_Stress": 1.0,
    "Score_Gewichtet": 0.232959
  }
}