{
  "utc": "2026-03-14T13:27:06Z",
  "scores": {
    "Score_ETF": 0.0,
    "Score_Stables": 0.420728,
    "Score_Stress": 0.919233,
    "Score_Gewichtet": 0.218142
  }
}