{
  "utc": "2026-03-12T09:32:59Z",
  "scores": {
    "Score_ETF": 0.0,
    "Score_Stables": 0.473284,
    "Score_Stress": 0.968802,
    "Score_Gewichtet": 0.238865
  }
}