{
  "utc": "2026-03-11T18:40:04Z",
  "scores": {
    "Score_ETF": 0.905559,
    "Score_Stables": 0.468818,
    "Score_Stress": 0.972579,
    "Score_Gewichtet": 0.781239
  }
}