{
  "utc": "2026-03-12T10:29:11Z",
  "scores": {
    "Score_ETF": 0.0,
    "Score_Stables": 0.47133,
    "Score_Stress": 0.965376,
    "Score_Gewichtet": 0.237937
  }
}