{
  "utc": "2026-02-26T14:34:55Z",
  "scores": {
    "Score_ETF": 1.0,
    "Score_Stables": 0.415458,
    "Score_Stress": 0.793579,
    "Score_Gewichtet": 0.803995
  }
}